ravi seth,IT,101203,123456,ravi@mail.com
Rakesh ,Computer,101210,123456,rakesh@mail.com
Rahul,ENTC,515120,123456,rahul@mail.com
Darsh ,Electrical,123456,123456,darsh@mail.com
Lekh,Mechanical,789101,123456,lekh@mail.com
Meet,Civil,111213,123456,meet@mail.com
Onkar,Computer,141516,123456,onkar@mail.com
Tejas,ENTC,171819,123456,tejas@mail.com
Pranit,Electrical,202122,123456,pranit@mail.com
Rushikesh,IT,220420,123456,rushikesh@mail.com
